agent,structure,stakes,K,reward_mean,reward_std,penalty_mean,penalty_std,utility_mean,utility_std,cog_mean,cog_std,cau_mean,cau_std,dual_mean,dual_rate_mean,dual_rate_std,dual_rate_cond_mean,dual_rate_cond_std,E_abs_mean,expansions_mean,contractions_mean,revisions_mean,contract_evals_mean,steps_factor_mean,steps_tabular_mean
Dot,structured,0.0,20,1.0452242371547433,8.572730965095321,0.0,0.0,1.0452242371547433,8.572730965095321,0.09,0.0,0.9552242371547434,8.572730965095321,0.0,0.0,0.0,0.0,0.0,4.646309611189124,0.0,0.0,0.0,0.0,0.0,0.0
Dot,structured,0.0,50,0.811671628869709,8.99623257403256,0.0,0.0,0.811671628869709,8.99623257403256,0.09,0.0,0.721671628869709,8.99623257403256,0.0,0.0,0.0,0.0,0.0,4.48383092948364,0.0,0.0,0.0,0.0,0.0,0.0
Dot,structured,0.0,100,1.6746178572942616,8.342682684083506,0.0,0.0,1.6746178572942616,8.342682684083506,0.09,0.0,1.5846178572942617,8.342682684083506,0.0,0.0,0.0,0.0,0.0,4.898704714445012,0.0,0.0,0.0,0.0,0.0,0.0
Dot,structured,0.0,200,-0.8543705786742578,9.082140887162815,0.0,0.0,-0.8543705786742578,9.082140887162815,0.09,0.0,-0.9443705786742577,9.082140887162815,0.0,0.0,0.0,0.0,0.0,4.63022869417777,0.0,0.0,0.0,0.0,0.0,0.0
Dot,structured,1.0,20,-0.42804652201846316,9.72011604154025,128.24100322517032,187.62378765277543,-128.66904974718875,188.89799609931072,0.09,0.0,-128.75904974718878,188.89799609931075,8.66,0.10825,0.08994983169646413,0.1080165927464255,0.08987229292407212,5.6329071709440015,0.0,0.0,0.0,0.0,0.0,0.0
Dot,structured,1.0,50,1.17723175779148,7.981778587194758,81.97141588673327,101.55774727989144,-80.79418412894178,101.76444872125477,0.09,0.0,-80.88418412894178,101.76444872125477,3.68,0.046,0.047536535656505535,0.04739847801832783,0.04807398884916913,5.382634456670326,0.0,0.0,0.0,0.0,0.0,0.0
Dot,structured,1.0,100,1.2329709084745042,8.248182448868553,82.81390518818228,123.64617161324509,-81.58093427970776,125.00512235308423,0.09,0.0,-81.67093427970777,125.0051223530842,2.51,0.031375,0.04134325241441487,0.03232017333917063,0.04313012385899342,4.711356788548712,0.0,0.0,0.0,0.0,0.0,0.0
Dot,structured,1.0,200,-0.9278505355440642,9.25676183351732,101.09008950664925,157.80756447079128,-102.01794004219332,159.76404208110492,0.09,0.0,-102.10794004219332,159.76404208110492,2.69,0.033624999999999995,0.043472060863933924,0.033829022671061255,0.04478946380624419,4.798275487562801,0.0,0.0,0.0,0.0,0.0,0.0
Dot,unstructured,0.0,20,-0.03236150997451095,8.78592326268441,0.0,0.0,-0.03236150997451095,8.78592326268441,0.09,0.0,-0.12236150997451084,8.78592326268441,0.0,0.0,0.0,0.0,0.0,4.116248945462049,0.0,0.0,0.0,0.0,0.0,0.0
Dot,unstructured,0.0,50,-0.5666451138838431,9.656654482409273,0.0,0.0,-0.5666451138838431,9.656654482409273,0.09,0.0,-0.656645113883843,9.656654482409273,0.0,0.0,0.0,0.0,0.0,4.899358091618412,0.0,0.0,0.0,0.0,0.0,0.0
Dot,unstructured,0.0,100,0.3578859251239088,8.876027233411069,0.0,0.0,0.3578859251239088,8.876027233411069,0.09,0.0,0.2678859251239089,8.876027233411069,0.0,0.0,0.0,0.0,0.0,4.802077449839005,0.0,0.0,0.0,0.0,0.0,0.0
Dot,unstructured,0.0,200,0.7150870931018996,9.055580105813586,0.0,0.0,0.7150870931018996,9.055580105813586,0.09,0.0,0.6250870931018997,9.055580105813586,0.0,0.0,0.0,0.0,0.0,4.970295465193474,0.0,0.0,0.0,0.0,0.0,0.0
Dot,unstructured,1.0,20,-0.6361202688488237,9.181749036402152,106.83029187288645,161.82760196589933,-107.46641214173528,161.96207067705467,0.09,0.0,-107.55641214173528,161.96207067705467,10.87,0.135875,0.066942021310771,0.13331896026389706,0.0676396815094843,5.420469113215327,0.0,0.0,0.0,0.0,0.0,0.0
Dot,unstructured,1.0,50,-1.1190927509848447,8.9851997929665,83.39911074090189,104.60003314840016,-84.51820349188674,104.84405526961207,0.09,0.0,-84.60820349188674,104.84405526961204,3.71,0.046375,0.03129643015431697,0.046841632206392,0.03224117973040726,4.896062705693834,0.0,0.0,0.0,0.0,0.0,0.0
Dot,unstructured,1.0,100,0.3994187139394681,9.12593046281095,64.89842671822976,75.20323284116486,-64.49900800429029,75.83272024682996,0.09,0.0,-64.58900800429029,75.83272024682996,3.79,0.047375,0.031094055344676064,0.04740057003276381,0.031951967591279246,4.64915449763742,0.0,0.0,0.0,0.0,0.0,0.0
Dot,unstructured,1.0,200,-0.5353395911066344,8.742572337367484,117.37334260753622,180.014211554577,-117.90868219864285,179.3091802062216,0.09,0.0,-117.99868219864285,179.30918020622158,3.94,0.049249999999999995,0.029075615455935136,0.049820271226519226,0.02982851688744404,5.344061325756831,0.0,0.0,0.0,0.0,0.0,0.0
HierBayes,structured,0.0,20,93.17896034045724,43.215494826791335,0.0,0.0,93.17896034045724,43.215494826791335,2.0432,0.0714855357270394,91.13576034045724,43.250612946694005,0.0,0.0,0.0,0.0,0.0,24.79378053070915,0.0,0.0,0.0,0.0,80.0,0.0
HierBayes,structured,0.0,50,96.66623983617039,30.690921397850424,0.0,0.0,96.66623983617039,30.690921397850424,2.7477300000000002,0.011448483645346962,93.91850983617037,30.692778910812276,0.0,0.0,0.0,0.0,0.0,25.614224437432252,0.0,0.0,0.0,0.0,80.0,0.0
HierBayes,structured,0.0,100,97.77241104677636,27.407008788886156,0.0,0.0,97.77241104677636,27.407008788886156,3.75,0.0,94.02241104677636,27.407008788886156,0.0,0.0,0.0,0.0,0.0,26.602429111109185,0.0,0.0,0.0,0.0,80.0,0.0
HierBayes,structured,0.0,200,94.5139116129025,24.39614048900945,0.0,0.0,94.5139116129025,24.39614048900945,5.75,0.0,88.7639116129025,24.39614048900945,0.0,0.0,0.0,0.0,0.0,24.525487965734673,0.0,0.0,0.0,0.0,80.0,0.0
HierBayes,structured,1.0,20,100.37503919363564,45.70070281615459,3963.7465804008843,9234.447742347658,-3863.3715412072484,9209.35455870272,2.03601,0.07477258383210575,-3865.4075512072486,9209.324528143297,27.57,0.34462499999999996,0.30382273519141373,0.3511782228956375,0.31080855766158627,21.48940881238145,0.0,0.0,0.0,0.0,80.0,0.0
HierBayes,structured,1.0,50,97.59091553177376,29.76785775704721,2511.3889196056107,3893.1935422359884,-2413.7980040738366,3888.3078967138854,2.7462400000000002,0.0137327449123722,-2416.544244073837,3888.304320981093,17.55,0.219375,0.19594512444286355,0.22478715417797177,0.1995864202920906,18.92632907579385,0.0,0.0,0.0,0.0,80.0,0.0
HierBayes,structured,1.0,100,95.25576704365324,24.047941336833023,2734.0602413259453,3356.564275756315,-2638.8044742822913,3350.9024640941047,3.75,0.0,-2642.5544742822913,3350.9024640941047,12.6,0.1575,0.18879602589551342,0.16101696345379535,0.19231925537869235,20.03944271292119,0.0,0.0,0.0,0.0,80.0,0.0
HierBayes,structured,1.0,200,88.16860179129219,22.013200363934608,2475.4554781529073,2845.681954945592,-2387.286876361615,2838.635419339452,5.75,0.0,-2393.036876361615,2838.635419339452,10.88,0.136,0.17600971334536963,0.13817236451686776,0.1793752614420841,18.828468815820422,0.0,0.0,0.0,0.0,80.0,0.0
HierBayes,unstructured,0.0,20,83.5528943126876,27.77765070383874,0.0,0.0,83.5528943126876,27.77765070383874,2.02933,0.05990532176491146,81.5235643126876,27.779785189906047,0.0,0.0,0.0,0.0,0.0,17.20161278026471,0.0,0.0,0.0,0.0,80.0,0.0
HierBayes,unstructured,0.0,50,65.61899003955742,20.108669869313903,0.0,0.0,65.61899003955742,20.108669869313903,2.74846,0.006604895643736251,62.870530039557416,20.110071900017747,0.0,0.0,0.0,0.0,0.0,14.764491219481513,0.0,0.0,0.0,0.0,80.0,0.0
HierBayes,unstructured,0.0,100,41.10885638643133,14.604506595387525,0.0,0.0,41.10885638643133,14.604506595387525,3.75,0.0,37.35885638643132,14.604506595387525,0.0,0.0,0.0,0.0,0.0,12.44939622995058,0.0,0.0,0.0,0.0,80.0,0.0
HierBayes,unstructured,0.0,200,21.177283552069422,10.731207639483399,0.0,0.0,21.177283552069422,10.731207639483399,5.75,0.0,15.42728355206942,10.731207639483399,0.0,0.0,0.0,0.0,0.0,11.39232809477053,0.0,0.0,0.0,0.0,80.0,0.0
HierBayes,unstructured,1.0,20,79.4776515767595,25.238974665863665,2443.0772392627628,3660.1165826001925,-2363.5995876860034,3655.8409691221514,2.0327800000000003,0.05340385110768053,-2365.6323676860034,3655.8215696034754,32.17,0.402125,0.2714942692904875,0.4096859437648062,0.278891419589396,18.730275843711084,0.0,0.0,0.0,0.0,80.0,0.0
HierBayes,unstructured,1.0,50,63.99033013585693,19.29743059215497,1328.253018094524,2795.426892888422,-1264.262687958667,2792.6528276119975,2.7474900000000004,0.008494198852241135,-1267.0101779586666,2792.6511039247694,14.88,0.18600000000000003,0.15618842220959667,0.19106949309650315,0.1637472653062102,13.272691224593098,0.0,0.0,0.0,0.0,80.0,0.0
HierBayes,unstructured,1.0,100,40.01066571422019,14.047065735962624,1027.393727077437,1485.00914777494,-987.3830613632167,1479.2204168170456,3.75,0.0,-991.1330613632167,1479.2204168170456,8.72,0.109,0.10490014491906294,0.11117923528176486,0.10793506078819222,13.055654161742764,0.0,0.0,0.0,0.0,80.0,0.0
HierBayes,unstructured,1.0,200,21.405735423848295,11.48191081179439,854.4641622088981,1030.8184795212205,-833.0584267850498,1028.4422180155598,5.75,0.0,-838.8084267850498,1028.4422180155598,6.77,0.084625,0.07068511676670863,0.08666761738974606,0.07340016904915563,12.246851510872625,0.0,0.0,0.0,0.0,80.0,0.0
LatentFactorEM,structured,0.0,20,80.81943133764656,41.86732507497117,0.0,0.0,80.81943133764656,41.86732507497117,11.45,0.0,69.36943133764656,41.86732507497118,0.0,0.0,0.0,0.0,0.0,29.37945632816379,0.0,0.0,0.0,0.0,80.0,0.0
LatentFactorEM,structured,0.0,50,73.815975504708,45.465027512102985,0.0,0.0,73.815975504708,45.465027512102985,27.950000000000003,0.0,45.865975504708004,45.465027512102985,0.0,0.0,0.0,0.0,0.0,28.9587378981652,0.0,0.0,0.0,0.0,80.0,0.0
LatentFactorEM,structured,0.0,100,84.81227399657693,39.16045464354949,0.0,0.0,84.81227399657693,39.16045464354949,55.45,0.0,29.36227399657694,39.16045464354949,0.0,0.0,0.0,0.0,0.0,31.907742554883843,0.0,0.0,0.0,0.0,80.0,0.0
LatentFactorEM,structured,0.0,200,82.54736836341003,39.928225919204756,0.0,0.0,82.54736836341003,39.928225919204756,110.45,0.0,-27.902631636589973,39.928225919204756,0.0,0.0,0.0,0.0,0.0,28.15342545230701,0.0,0.0,0.0,0.0,80.0,0.0
LatentFactorEM,structured,1.0,20,65.5856447203159,52.87034754192264,1727.3494243897048,1984.074911588109,-1661.763779669389,1972.0217694786447,11.45,0.0,-1673.213779669389,1972.0217694786447,24.96,0.312,0.4303947565487368,0.3170956494570297,0.43753463903865547,16.224590071312736,0.0,0.0,0.0,0.0,80.0,0.0
LatentFactorEM,structured,1.0,50,67.04310936358048,53.82398839724543,1874.083025812949,2214.8490322417138,-1807.0399164493688,2210.3294944639574,27.950000000000003,0.0,-1834.9899164493688,2210.329494463957,7.8,0.0975,0.272590453896602,0.09876654860784756,0.27717462502284224,16.906264460203897,0.0,0.0,0.0,0.0,80.0,0.0
LatentFactorEM,structured,1.0,100,61.61131127675927,54.52009264541448,1758.7584260823405,2003.2645036733272,-1697.1471148055816,1996.6823872036812,55.45,0.0,-1752.5971148055812,1996.682387203681,6.76,0.08449999999999999,0.2528631501964506,0.08685503091635782,0.25959803928336944,17.036840595045337,0.0,0.0,0.0,0.0,80.0,0.0
LatentFactorEM,structured,1.0,200,70.09531366921635,50.071193226790996,2032.231808706754,2463.1849567478926,-1962.1364950375378,2455.388642140262,110.45,0.0,-2072.5864950375376,2455.388642140262,11.24,0.1405,0.33216233709109494,0.14279778796906722,0.33880829198969065,17.837888163814334,0.0,0.0,0.0,0.0,80.0,0.0
LatentFactorEM,unstructured,0.0,20,93.79275745970872,50.4128107606074,0.0,0.0,93.79275745970872,50.4128107606074,11.45,0.0,82.34275745970872,50.4128107606074,0.0,0.0,0.0,0.0,0.0,29.01924591342879,0.0,0.0,0.0,0.0,80.0,0.0
LatentFactorEM,unstructured,0.0,50,82.10342103810218,51.883252677620874,0.0,0.0,82.10342103810218,51.883252677620874,27.950000000000003,0.0,54.15342103810219,51.88325267762088,0.0,0.0,0.0,0.0,0.0,27.160732569736794,0.0,0.0,0.0,0.0,80.0,0.0
LatentFactorEM,unstructured,0.0,100,70.74284532495584,53.71888213592699,0.0,0.0,70.74284532495584,53.71888213592699,55.45,0.0,15.292845324955836,53.71888213592698,0.0,0.0,0.0,0.0,0.0,26.105014872534017,0.0,0.0,0.0,0.0,80.0,0.0
LatentFactorEM,unstructured,0.0,200,84.32490957415034,48.46496394115117,0.0,0.0,84.32490957415034,48.46496394115117,110.45,0.0,-26.125090425849677,48.46496394115116,0.0,0.0,0.0,0.0,0.0,26.22393494016053,0.0,0.0,0.0,0.0,80.0,0.0
LatentFactorEM,unstructured,1.0,20,74.83259085999151,51.74264039094567,1450.9706906659835,1755.3404520636977,-1376.1380998059917,1753.8242176464869,11.45,0.0,-1387.5880998059918,1753.8242176464869,25.67,0.32087499999999997,0.44644377282921055,0.3255984689942799,0.4538573791530523,15.148983403530071,0.0,0.0,0.0,0.0,80.0,0.0
LatentFactorEM,unstructured,1.0,50,79.14011772112767,58.97762557732995,1494.3892531041627,2093.1737275940372,-1415.2491353830349,2086.471261625369,27.950000000000003,0.0,-1443.199135383035,2086.471261625369,19.55,0.244375,0.41130403224919204,0.24970081264045288,0.42025210878536057,14.793630636872917,0.0,0.0,0.0,0.0,80.0,0.0
LatentFactorEM,unstructured,1.0,100,68.53277472940374,55.10217972784513,1599.9459808638378,1850.3498385964854,-1531.4132061344342,1850.8375699309806,55.45,0.0,-1586.8632061344342,1850.8375699309806,9.94,0.12425000000000001,0.32130190104660383,0.12695646613501377,0.3286098827737581,16.599263998553724,0.0,0.0,0.0,0.0,80.0,0.0
LatentFactorEM,unstructured,1.0,200,65.76894250323066,55.285814631591315,2094.8925687749697,2392.0893640119807,-2029.123626271739,2378.6955016459056,110.45,0.0,-2139.573626271739,2378.6955016459056,11.69,0.146125,0.3306029033020085,0.15334966077705903,0.34597935997769574,17.838045430100635,0.0,0.0,0.0,0.0,80.0,0.0
Linear,structured,0.0,20,91.8831125360177,35.14685819029503,0.0,0.0,91.8831125360177,35.14685819029503,2.2721299999999998,0.044032507504929985,89.61098253601769,35.14334736169012,0.0,0.0,0.0,0.0,0.0,29.017806170077527,0.0,0.0,0.0,0.0,0.0,0.0
Linear,structured,0.0,50,87.50632475953563,35.355199263114784,0.0,0.0,87.50632475953563,35.355199263114784,5.06435,0.11620066021474855,82.44197475953564,35.36802177348765,0.0,0.0,0.0,0.0,0.0,30.324528702033135,0.0,0.0,0.0,0.0,0.0,0.0
Linear,structured,0.0,100,83.02305457866598,34.1492796533962,0.0,0.0,83.02305457866598,34.1492796533962,9.74165,0.21124452655631104,73.28140457866598,34.087537676241716,0.0,0.0,0.0,0.0,0.0,29.26832774334248,0.0,0.0,0.0,0.0,0.0,0.0
Linear,structured,0.0,200,83.76934885342617,34.46532773174378,0.0,0.0,83.76934885342617,34.46532773174378,19.15227,0.49546967524855506,64.61707885342615,34.44734203706011,0.0,0.0,0.0,0.0,0.0,26.349785429195382,0.0,0.0,0.0,0.0,0.0,0.0
Linear,structured,1.0,20,71.37796259625,49.84544072904964,1263.2216631396236,1580.2325098385909,-1191.8437005433736,1565.4744737254543,2.2768800000000002,0.04546866608951261,-1194.1205805433738,1565.4693961412293,25.99,0.32487499999999997,0.42205790554296363,0.3304066435278912,0.42945323990994516,13.136838868070377,0.0,0.0,0.0,0.0,0.0,0.0
Linear,structured,1.0,50,66.8171132606367,47.196473018269565,1136.6939880326267,1748.0545184615596,-1069.87687477199,1737.3661139819137,5.09963,0.13152782514692016,-1074.97650477199,1737.3857120623418,9.84,0.12300000000000001,0.2924217498716192,0.12643163008742056,0.3030337183901584,11.557618464869874,0.0,0.0,0.0,0.0,0.0,0.0
Linear,structured,1.0,100,58.509418286473164,49.35353720065373,955.5572130737925,1452.0841196078197,-897.0477947873194,1438.908736072441,9.734720000000001,0.2202858143412782,-906.7825147873194,1438.946728638167,7.85,0.098125,0.25606515875906083,0.10609305544477414,0.27284409834183504,10.973598572441,0.0,0.0,0.0,0.0,0.0,0.0
Linear,structured,1.0,200,51.446200546293056,47.13177214728682,758.3444661277986,1277.0312521802975,-706.8982655815054,1266.6818863439985,19.092570000000002,0.5022055045376128,-725.9908355815054,1266.6415051140373,10.03,0.125375,0.3044309509792679,0.12802203702419812,0.31160337939602256,9.686063249430743,0.0,0.0,0.0,0.0,0.0,0.0
Linear,unstructured,0.0,20,91.61173217849039,42.81057784289179,0.0,0.0,91.61173217849039,42.81057784289179,2.27536,0.038317261452934286,89.33637217849038,42.81201653394365,0.0,0.0,0.0,0.0,0.0,29.65480644404608,0.0,0.0,0.0,0.0,0.0,0.0
Linear,unstructured,0.0,50,89.94155130526066,39.23716195528172,0.0,0.0,89.94155130526066,39.23716195528172,5.0663100000000005,0.10894468015159486,84.87524130526064,39.248995240887844,0.0,0.0,0.0,0.0,0.0,27.731389365997533,0.0,0.0,0.0,0.0,0.0,0.0
Linear,unstructured,0.0,100,92.29236090454845,43.0674211240051,0.0,0.0,92.29236090454845,43.0674211240051,9.72779,0.21260858402237706,82.56457090454843,43.1168072620152,0.0,0.0,0.0,0.0,0.0,26.42137439652498,0.0,0.0,0.0,0.0,0.0,0.0
Linear,unstructured,0.0,200,89.30321425275741,37.7606103798574,0.0,0.0,89.30321425275741,37.7606103798574,19.12043,0.4701165609815204,70.1827842527574,37.78780379180562,0.0,0.0,0.0,0.0,0.0,26.95972926159774,0.0,0.0,0.0,0.0,0.0,0.0
Linear,unstructured,1.0,20,79.59836945431196,38.61105049495062,810.3080248490184,1141.341904253593,-730.7096553947065,1138.1371608325146,2.27137,0.04234386769430879,-732.9810253947065,1138.1354028955607,26.91,0.33637500000000004,0.4169661613029493,0.3440817937481016,0.42645773253900954,10.74791043025853,0.0,0.0,0.0,0.0,0.0,0.0
Linear,unstructured,1.0,50,73.01117610377308,41.849902564235464,491.11065915166984,893.3383215769674,-418.09948304789674,884.501834000856,5.0717,0.11369518881463687,-423.17118304789676,884.509669894621,8.21,0.102625,0.27014361477001464,0.10464143936649824,0.27641412358595574,7.868344173396806,0.0,0.0,0.0,0.0,0.0,0.0
Linear,unstructured,1.0,100,72.23264537118072,40.3598797805218,719.6402891693377,1126.8104353778715,-647.4076437981571,1114.4544978526244,9.734720000000001,0.20827347406715022,-657.1423637981571,1114.4089406382075,10.18,0.12725,0.29954395050280724,0.1306478722086452,0.30766877163772005,10.154258516004658,0.0,0.0,0.0,0.0,0.0,0.0
Linear,unstructured,1.0,200,82.27091522630444,43.32521358798553,866.4538982582625,1579.6669635848423,-784.1829830319581,1561.7121532577924,19.07068,0.5245101972990679,-803.2536630319581,1561.690468364834,14.97,0.18712499999999999,0.33499328634159126,0.19475348226747083,0.3487438758520333,9.819233557464765,0.0,0.0,0.0,0.0,0.0,0.0
Network-Full,structured,0.0,20,90.8502006424664,41.40179980232387,0.0,0.0,90.8502006424664,41.40179980232387,1.67881,0.07913110142113029,89.1713906424664,41.43716125203052,0.0,0.0,0.0,0.0,0.0,31.869476668165536,0.0,0.0,0.0,0.0,80.0,0.0
Network-Full,structured,0.0,50,90.00021923375218,29.955797194379088,0.0,0.0,90.00021923375218,29.955797194379088,1.7517699999999998,0.018849137911321024,88.24844923375218,29.954626250871133,0.0,0.0,0.0,0.0,0.0,30.06093229316477,0.0,0.0,0.0,0.0,80.0,0.0
Network-Full,structured,0.0,100,90.93304609135443,31.663550851494687,0.0,0.0,90.93304609135443,31.663550851494687,1.7512299999999998,0.02391308124323281,89.1818160913544,31.66376783817759,0.0,0.0,0.0,0.0,0.0,30.33665885722435,0.0,0.0,0.0,0.0,80.0,0.0
Network-Full,structured,0.0,200,82.214376927911,28.52212288669689,0.0,0.0,82.214376927911,28.52212288669689,1.7486199999999998,0.021150628617350606,80.465756927911,28.522845350163195,0.0,0.0,0.0,0.0,0.0,26.34977174900963,0.0,0.0,0.0,0.0,80.0,0.0
Network-Full,structured,1.0,20,69.52587346195187,36.779434275583064,0.7357561019485765,2.477573319105908,68.7901173600033,36.71629548390535,1.67617,0.07367661457581734,67.1139473600033,36.74501861214957,26.59,0.332375,0.2859068451719224,0.30264347300599803,0.27746287147717547,0.6491517107442262,0.0,0.0,0.0,0.0,80.0,0.0
Network-Full,structured,1.0,50,74.04225248779564,36.83723991233685,0.32107965927219306,0.46734327419221056,73.72117282852344,36.79751730717765,1.7447899999999998,0.024969191117264918,71.97638282852344,36.79851688243207,19.07,0.23837499999999998,0.224088043832974,0.2797701852044142,0.3191200791792739,0.5992207111143621,0.0,0.0,0.0,0.0,80.0,0.0
Network-Full,structured,1.0,100,71.12156590581166,32.604514546276754,0.4279710819008388,0.7846083057681646,70.69359482391081,32.55994432376941,1.7511400000000001,0.020404010301007875,68.94245482391082,32.5594947561287,14.01,0.175125,0.18345807567480651,0.2545463243614059,0.318969685792008,0.5569305556554223,0.0,0.0,0.0,0.0,80.0,0.0
Network-Full,structured,1.0,200,70.05294525147644,28.24465566909719,0.5541747184735191,1.6620154274393921,69.49877053300293,27.868789955347037,1.75195,0.022243998169066918,67.74682053300293,27.864588066225338,15.18,0.18975,0.19548550670915052,0.26083214543334426,0.3475745605524904,0.6179739841712678,0.0,0.0,0.0,0.0,80.0,0.0
Network-Full,unstructured,0.0,20,42.81354242664662,30.194057316305,0.0,0.0,42.81354242664662,30.194057316305,7.73955,16.59497286625736,35.073992426646626,33.67292065001288,0.0,0.0,0.0,0.0,0.0,25.538577584918862,0.12,0.0,0.12,0.0,75.84,4.16
Network-Full,unstructured,0.0,50,22.727847845845755,21.197423257724044,0.0,0.0,22.727847845845755,21.197423257724044,16.86893,23.778570296350555,5.858917845845753,26.67581197053937,0.0,0.0,0.0,0.0,0.0,24.529646635684422,0.29,0.0,0.29,0.01,71.33,8.67
Network-Full,unstructured,0.0,100,15.854103589053208,23.225363224610856,0.0,0.0,15.854103589053208,23.225363224610856,18.14631,25.185924576670143,-2.2922064109467915,22.32043899416467,0.0,0.0,0.0,0.0,0.0,22.624487819750925,0.3,0.0,0.3,0.02,70.68,9.32
Network-Full,unstructured,0.0,200,10.102720713724176,19.84477070876546,0.0,0.0,10.102720713724176,19.84477070876546,16.73568,26.128538853595288,-6.632959286275824,20.294945352111604,0.0,0.0,0.0,0.0,0.0,24.168418422451442,0.25,0.0,0.25,0.01,71.75,8.25
Network-Full,unstructured,1.0,20,35.99763758972231,36.67886582293808,1.2184585348709869,5.454810657831667,34.779179054851326,34.59201914649471,1.66568,0.0661143606704979,33.113499054851324,34.589500051278584,16.81,0.210125,0.23528469081587794,0.18901585476646024,0.23438486372024642,0.6993666624514374,0.0,0.0,0.0,0.0,80.0,0.0
Network-Full,unstructured,1.0,50,20.444781517062168,31.253487113516954,1.1473149510555898,8.535310973941947,19.297466566006577,27.967843931756754,7.48987,16.415907067278223,11.807596566006577,26.956529880247107,4.25,0.053125,0.12861410401866996,0.05723097356594341,0.14596319065662797,0.5453834876090667,0.11,0.0,0.11,0.0,76.68,3.32
Network-Full,unstructured,1.0,100,17.51150898360803,28.844042777294632,0.5788309871654833,3.2778623597634353,16.93267799644255,27.435897875162397,13.19134,22.30386323751058,3.7413379964425473,26.365514825770802,5.77,0.07212500000000001,0.11891575353751048,0.06540249186446685,0.15065974227785012,0.5439460890475651,0.21,0.0,0.21,0.0,73.96,6.04
Network-Full,unstructured,1.0,200,12.343752448521853,28.69189032525034,0.25213834873026764,0.3140393702330522,12.091614099791585,28.63292743688564,11.90259,22.581953862864598,0.18902409979158372,29.67040212556661,5.55,0.069375,0.12057018105902494,0.059213032741083,0.14405510440076813,0.5155234106347195,0.17,0.0,0.17,0.01,74.67,5.33
Network-NoContract,structured,0.0,20,91.75178393231778,37.98930328779374,0.0,0.0,91.75178393231778,37.98930328779374,1.6703999999999999,0.08095952349442553,90.08138393231776,38.01705689136094,0.0,0.0,0.0,0.0,0.0,32.69384495105465,0.0,0.0,0.0,0.0,80.0,0.0
Network-NoContract,structured,0.0,50,87.65841665957656,35.66706140903528,0.0,0.0,87.65841665957656,35.66706140903528,1.75117,0.020988719914191212,85.90724665957656,35.666385042354676,0.0,0.0,0.0,0.0,0.0,28.681659554927055,0.0,0.0,0.0,0.0,80.0,0.0
Network-NoContract,structured,0.0,100,92.11213935418938,29.744312175263953,0.0,0.0,92.11213935418938,29.744312175263953,1.7543799999999998,0.02257279134468988,90.35775935418938,29.74244830352654,0.0,0.0,0.0,0.0,0.0,31.404010055826262,0.0,0.0,0.0,0.0,80.0,0.0
Network-NoContract,structured,0.0,200,84.44018054104573,32.198097230688575,0.0,0.0,84.44018054104573,32.198097230688575,1.7499699999999998,0.023098583191497823,82.69021054104573,32.19651810077604,0.0,0.0,0.0,0.0,0.0,26.65351915999398,0.0,0.0,0.0,0.0,80.0,0.0
Network-NoContract,structured,1.0,20,68.33033475814403,35.8125256909655,0.6353956132963564,1.5109139691985662,67.69493914484768,35.77747743290911,1.6728299999999998,0.07327202051191836,66.02210914484768,35.799627758115726,25.7,0.32125,0.27545015956437635,0.2839346847424592,0.27868001045362467,0.6223434421529379,0.0,0.0,0.0,0.0,80.0,0.0
Network-NoContract,structured,1.0,50,73.62584083390203,37.744205796166455,0.7779775857270462,2.19903394975835,72.84786324817499,38.209140415979526,1.7507300000000001,0.023898292487924393,71.09713324817498,38.20929766999097,17.92,0.22399999999999998,0.21901178419473596,0.2559610421146821,0.30635094934637463,0.6135135959286515,0.0,0.0,0.0,0.0,80.0,0.0
Network-NoContract,structured,1.0,100,70.96150648122935,34.154765612306235,0.35319458051728775,0.41457800943870576,70.60831190071207,34.18916488929235,1.7524000000000002,0.020705730432111578,68.85591190071206,34.18585763859724,14.15,0.176875,0.19238481238224994,0.24374061106453626,0.32286170485117494,0.5558279117663186,0.0,0.0,0.0,0.0,80.0,0.0
Network-NoContract,structured,1.0,200,70.4988886007331,29.36723860157157,0.39105743205914856,0.5691289508499617,70.10783116867394,29.4473322626596,1.7499699999999998,0.022232224769055727,68.35786116867395,29.44523071841319,16.1,0.20125,0.1945152288187849,0.2673667587811343,0.33435704617658,0.5709872622674178,0.0,0.0,0.0,0.0,80.0,0.0
Network-NoContract,unstructured,0.0,20,45.05715918288717,35.06431542020532,0.0,0.0,45.05715918288717,35.06431542020532,10.797139999999999,19.65376393849023,34.26001918288717,35.505847351474735,0.0,0.0,0.0,0.0,0.0,25.46517243879792,0.18,0.0,0.18,0.0,72.04,7.96
Network-NoContract,unstructured,0.0,50,22.924728193860805,25.46562277569306,0.0,0.0,22.924728193860805,25.46562277569306,18.01541,24.393783920116064,4.909318193860806,29.32896642253539,0.0,0.0,0.0,0.0,0.0,24.054431061019237,0.31,0.0,0.31,0.0,67.95,12.05
Network-NoContract,unstructured,0.0,100,20.40768475175373,27.34406806754474,0.0,0.0,20.40768475175373,27.34406806754474,23.27494,27.074878532915363,-2.8672552482462708,22.529679311064708,0.0,0.0,0.0,0.0,0.0,20.07862384244849,0.39,0.0,0.39,0.0,65.42,14.58
Network-NoContract,unstructured,0.0,200,12.699903287049386,21.05620191912932,0.0,0.0,12.699903287049386,21.05620191912932,21.787750000000003,28.131138498821887,-9.087846712950615,25.01794115802119,0.0,0.0,0.0,0.0,0.0,22.245489362304333,0.34,0.0,0.34,0.0,70.7,9.3
Network-NoContract,unstructured,1.0,20,39.46528554320395,35.4242151521444,1.4720225086436047,7.270509987836327,37.99326303456034,36.10424527207307,2.68226,7.146838821733592,35.31100303456035,36.753615813040454,19.26,0.24075,0.24803279047641089,0.18658963682933455,0.2319687080149178,0.6392827235790486,0.02,0.0,0.02,0.0,79.33,0.67
Network-NoContract,unstructured,1.0,50,26.890647845497707,34.2122996547027,1.299225109252785,9.595907024271556,25.591422736244922,31.5372062919719,9.08163,18.26392243966008,16.509792736244922,28.201529524720012,7.36,0.092,0.16686087170169794,0.1174508496606744,0.20776462926902647,0.5602844934697212,0.14,0.0,0.14,0.0,74.78,5.22
Network-NoContract,unstructured,1.0,100,20.75232271028077,29.63935550124087,0.31991053285419147,0.42232679840001053,20.432412177426578,29.570947666397988,13.82375,22.853082150229792,6.608662177426578,25.685762007394054,5.49,0.06862499999999999,0.11157016126114715,0.0662614739026976,0.13153855319934943,0.5248626629531795,0.22,0.0,0.22,0.0,72.53,7.47
Network-NoContract,unstructured,1.0,200,15.685158822445382,26.40458512486426,0.379388936831867,0.5323174524086651,15.305769885613515,26.40416512421721,20.06114,28.147992909418722,-4.7553701143864835,27.943034865436633,5.3,0.06625,0.10871872010380779,0.06921588608283474,0.13881232845148328,0.5359364322636778,0.3,0.0,0.3,0.0,68.22,11.78
Network-NoTest,structured,0.0,20,95.88454489467053,39.19302992658888,0.0,0.0,95.88454489467053,39.19302992658888,1.66908,0.0819625043615196,94.21546489467053,39.22981005920685,0.0,0.0,0.0,0.0,0.0,34.00583086824365,0.0,0.0,0.0,0.0,80.0,0.0
Network-NoTest,structured,0.0,50,89.68955268584654,32.883904212015096,0.0,0.0,89.68955268584654,32.883904212015096,1.75371,0.018902885782575426,87.93584268584652,32.881549400322896,0.0,0.0,0.0,0.0,0.0,29.53549194302197,0.0,0.0,0.0,0.0,80.0,0.0
Network-NoTest,structured,0.0,100,92.02195098699733,31.415296393527615,0.0,0.0,92.02195098699733,31.415296393527615,1.74952,0.018803868074028108,90.27243098699732,31.41183049047489,0.0,0.0,0.0,0.0,0.0,30.024916904536667,0.0,0.0,0.0,0.0,80.0,0.0
Network-NoTest,structured,0.0,200,87.04239672424482,30.71368894263879,0.0,0.0,87.04239672424482,30.71368894263879,1.75096,0.020198469789025633,85.29143672424482,30.715807394995707,0.0,0.0,0.0,0.0,0.0,29.513503807937262,0.0,0.0,0.0,0.0,80.0,0.0
Network-NoTest,structured,1.0,20,71.63316808567973,36.96671947715579,0.4105858606233821,0.6281076672509603,71.22258222505634,36.95213430859236,1.6684200000000002,0.07151084963948906,69.55416222505634,36.97478655442571,25.76,0.322,0.286458477961396,0.2958489318810733,0.28321416609969385,0.6069485247639699,0.0,0.0,0.0,0.0,80.0,0.0
Network-NoTest,structured,1.0,50,75.67139754874819,36.331695410035934,0.7056875750889272,1.847203600246962,74.96570997365927,36.85611117896729,1.74692,0.026064674805707247,73.21878997365927,36.85709937808551,18.34,0.22925,0.2153530985862685,0.26340343203001,0.2995921298719212,0.6261970002291705,0.0,0.0,0.0,0.0,80.0,0.0
Network-NoTest,structured,1.0,100,73.64913065188713,31.791325716809837,0.4931345352344404,0.6809807510890674,73.1559961166527,31.77844072423126,1.75186,0.021497483996547526,71.4041361166527,31.78224231355047,14.54,0.18175,0.1842300727269294,0.24710337680764635,0.30587026696585107,0.5809668682134579,0.0,0.0,0.0,0.0,80.0,0.0
Network-NoTest,structured,1.0,200,75.38172513122099,26.894746555764808,0.8950096290365258,3.4357529798504856,74.48671550218447,26.930626661520414,1.74691,0.024985286579395968,72.73980550218447,26.92663033643159,18.29,0.228625,0.19001507615625313,0.3193142156410437,0.3464777769718325,0.612981273380714,0.0,0.0,0.0,0.0,80.0,0.0
Network-NoTest,unstructured,0.0,20,37.098398027339925,29.619084595710348,0.0,0.0,37.098398027339925,29.619084595710348,1.65225,0.08559091981954368,35.446148027339916,29.65480950372758,0.0,0.0,0.0,0.0,0.0,26.18545915299707,0.0,0.0,0.0,0.0,80.0,0.0
Network-NoTest,unstructured,0.0,50,18.298511823861162,17.021934589088552,0.0,0.0,18.298511823861162,17.021934589088552,1.7505099999999998,0.024749449539843333,16.548001823861163,17.02229575439562,0.0,0.0,0.0,0.0,0.0,27.15826439718182,0.0,0.0,0.0,0.0,80.0,0.0
Network-NoTest,unstructured,0.0,100,7.6601147155599145,15.631569740057705,0.0,0.0,7.6601147155599145,15.631569740057705,1.75393,0.021399638909443013,5.906184715559914,15.631643105825612,0.0,0.0,0.0,0.0,0.0,25.52269516330897,0.0,0.0,0.0,0.0,80.0,0.0
Network-NoTest,unstructured,0.0,200,5.0611115272675224,10.640963920190005,0.0,0.0,5.0611115272675224,10.640963920190005,1.75276,0.021233250083086876,3.308351527267522,10.64136712689461,0.0,0.0,0.0,0.0,0.0,23.548082237289776,0.0,0.0,0.0,0.0,80.0,0.0
Network-NoTest,unstructured,1.0,20,38.57931452313546,36.5001946736873,0.34024678456583746,1.0072207031045786,38.23906773856962,36.18884012076453,1.67007,0.05773559639346503,36.56899773856962,36.189016973108366,18.08,0.226,0.24020377502311147,0.19823396918760014,0.23876105043457,0.5780763193474688,0.0,0.0,0.0,0.0,80.0,0.0
Network-NoTest,unstructured,1.0,50,23.04001820583338,32.13022452968532,0.3853961612568859,0.5912638422125966,22.654622044576495,31.976029319803512,1.75251,0.019075869256177706,20.902112044576494,31.97434935811245,6.68,0.08349999999999999,0.15124566944297121,0.0986925708219582,0.1898068088944011,0.5317815162648561,0.0,0.0,0.0,0.0,80.0,0.0
Network-NoTest,unstructured,1.0,100,14.38639735062254,23.61035973701133,0.22537097534767522,0.2562102245618026,14.161026375274865,23.571937610502427,1.7490700000000001,0.020699999999999982,12.411956375274865,23.56939596447453,4.62,0.05775,0.0808879852735631,0.06805613673476894,0.14993704086995255,0.49677391666210163,0.0,0.0,0.0,0.0,80.0,0.0
Network-NoTest,unstructured,1.0,200,8.555252408555916,27.635288852953387,0.5307617586846752,1.2848594759889551,8.024490649871241,27.295832899676977,1.74826,0.02420435723358315,6.27623064987124,27.29802381188742,4.74,0.05925,0.11892590639604653,0.055482367781694,0.13929459279033057,0.548939688327103,0.0,0.0,0.0,0.0,80.0,0.0
Network-NoUpdate,structured,0.0,20,92.16743107009816,39.007373370615085,0.0,0.0,92.16743107009816,39.007373370615085,1.67577,0.07948964166049013,90.49166107009815,39.04841955464112,0.0,0.0,0.0,0.0,0.0,30.86609116776704,0.0,0.0,0.0,0.0,80.0,0.0
Network-NoUpdate,structured,0.0,50,86.64426331639099,34.97319150528834,0.0,0.0,86.64426331639099,34.97319150528834,1.7466,0.023471452679991636,84.89766331639099,34.97387157870989,0.0,0.0,0.0,0.0,0.0,30.79344058671773,0.0,0.0,0.0,0.0,80.0,0.0
Network-NoUpdate,structured,0.0,100,88.96882659286763,34.587002331377576,0.0,0.0,88.96882659286763,34.587002331377576,1.75078,0.02152638972390525,87.21804659286764,34.58644001927499,0.0,0.0,0.0,0.0,0.0,29.60647528670714,0.0,0.0,0.0,0.0,80.0,0.0
Network-NoUpdate,structured,0.0,200,82.2562527850206,30.66545415484681,0.0,0.0,82.2562527850206,30.66545415484681,1.75402,0.021235561940035598,80.50223278502061,30.66463038799346,0.0,0.0,0.0,0.0,0.0,27.627005720126036,0.0,0.0,0.0,0.0,80.0,0.0
Network-NoUpdate,structured,1.0,20,71.91814299187517,32.63771595440328,0.5029125389415774,0.8857509240725483,71.4152304529336,32.55269182823743,1.6722299999999999,0.07052556739626885,69.74300045293359,32.577991379357506,27.05,0.338125,0.2700564323274195,0.30471337445795543,0.25966757372798555,0.6002166566381409,0.0,0.0,0.0,0.0,80.0,0.0
Network-NoUpdate,structured,1.0,50,76.30855886375547,36.30186335776744,0.4163831430033767,0.6698348572915619,75.89217572075208,36.45449349329627,1.7506,0.023756338866997927,74.14157572075209,36.457770126087446,17.67,0.220875,0.21072906602478164,0.23218820504567234,0.28834627407211955,0.5501267583254347,0.0,0.0,0.0,0.0,80.0,0.0
Network-NoUpdate,structured,1.0,100,72.00553653304283,33.55970440664399,0.4098861166222645,0.7110726940041969,71.59565041642055,33.57680834732144,1.74664,0.021248657711616846,69.84901041642055,33.57493440655689,15.9,0.19875,0.20061065235521225,0.27372770754576153,0.32321191864283044,0.5718804625054947,0.0,0.0,0.0,0.0,80.0,0.0
Network-NoUpdate,structured,1.0,200,71.7038696181281,28.229381382380197,0.6185071235655318,2.3353731069873542,71.08536249456256,28.200438046626694,1.74979,0.021278478243606482,69.33557249456256,28.197167334727563,15.76,0.19699999999999998,0.19483643748985296,0.2684108815287967,0.3538919558061724,0.6017373938512662,0.0,0.0,0.0,0.0,80.0,0.0
Network-NoUpdate,unstructured,0.0,20,38.166683418964716,25.427362336492816,0.0,0.0,38.166683418964716,25.427362336492816,1.66027,0.08467929457248051,36.50641341896472,25.463347566990738,0.0,0.0,0.0,0.0,0.0,26.214977581507064,0.0,0.0,0.0,0.0,80.0,0.0
Network-NoUpdate,unstructured,0.0,50,17.610011397235095,17.245950044815245,0.0,0.0,17.610011397235095,17.245950044815245,1.7512999999999999,0.024119860629109747,15.858711397235094,17.243559469619804,0.0,0.0,0.0,0.0,0.0,27.06490853907779,0.0,0.0,0.0,0.0,80.0,0.0
Network-NoUpdate,unstructured,0.0,100,9.091078531335475,13.970864064591492,0.0,0.0,9.091078531335475,13.970864064591492,1.75717,0.018610334372454067,7.333908531335474,13.971608375590955,0.0,0.0,0.0,0.0,0.0,24.317849404139462,0.0,0.0,0.0,0.0,80.0,0.0
Network-NoUpdate,unstructured,0.0,200,5.047786473842038,12.194715275476382,0.0,0.0,5.047786473842038,12.194715275476382,1.75222,0.02331452921950763,3.295566473842038,12.190845048383068,0.0,0.0,0.0,0.0,0.0,24.16882319824567,0.0,0.0,0.0,0.0,80.0,0.0
Network-NoUpdate,unstructured,1.0,20,42.062297019572405,35.91056886525776,0.4331944560455953,0.7953221309658303,41.629102563526814,35.73885516788066,1.6659800000000002,0.06705522825524966,39.96312256352681,35.73368823398926,18.52,0.23149999999999998,0.24993357703456526,0.19765085835751595,0.23553116922922995,0.6101091557871969,0.0,0.0,0.0,0.0,80.0,0.0
Network-NoUpdate,unstructured,1.0,50,22.325209711819735,29.898063488204166,0.4066326778337606,0.9282020982746202,21.918577033985972,29.745701571303105,1.74935,0.02078430594793519,20.169227033985972,29.7463077557899,6.18,0.07725,0.14626429827369,0.09102656304485833,0.19169140660347006,0.5115772986498321,0.0,0.0,0.0,0.0,80.0,0.0
Network-NoUpdate,unstructured,1.0,100,14.667868625860319,28.24981706522377,0.305404782750001,0.380823407591911,14.362463843110318,28.17464524354178,1.7515,0.022248595461287008,12.61096384311032,28.174569105764437,5.03,0.062875,0.0945058753718412,0.07203397183029696,0.15159254609513745,0.5102271755581868,0.0,0.0,0.0,0.0,80.0,0.0
Network-NoUpdate,unstructured,1.0,200,12.790150165208484,29.945174915564724,0.8243697903465033,5.55962358786597,11.965780374861978,28.309679950965332,1.75276,0.02142504906115097,10.21302037486198,28.30793557027761,5.78,0.07225,0.13164868500150795,0.08034423343417593,0.17880752838456085,0.5501980378810825,0.0,0.0,0.0,0.0,80.0,0.0
RW-Feature,structured,0.0,20,84.00066310741605,43.338836809335334,0.0,0.0,84.00066310741605,43.338836809335334,1.1121400000000001,0.08744106471206649,82.88852310741603,43.359730235570126,0.0,0.0,0.0,0.0,0.0,32.85814736493634,0.0,0.0,0.0,0.0,80.0,0.0
RW-Feature,structured,0.0,50,81.46563872988904,35.910771031019806,0.0,0.0,81.46563872988904,35.910771031019806,1.1894,0.022279219832921342,80.27623872988903,35.908555417944356,0.0,0.0,0.0,0.0,0.0,31.105432019310328,0.0,0.0,0.0,0.0,80.0,0.0
RW-Feature,structured,0.0,100,81.7890338888956,35.4580599572161,0.0,0.0,81.7890338888956,35.4580599572161,1.1888,0.019400093720485883,80.6002338888956,35.45969268742245,0.0,0.0,0.0,0.0,0.0,31.11977590267634,0.0,0.0,0.0,0.0,80.0,0.0
RW-Feature,structured,0.0,200,77.1478791330142,32.51256352978044,0.0,0.0,77.1478791330142,32.51256352978044,1.19168,0.020960222066831923,75.95619913301421,32.5150736991028,0.0,0.0,0.0,0.0,0.0,27.823922818124224,0.0,0.0,0.0,0.0,80.0,0.0
RW-Feature,structured,1.0,20,85.1922568448532,41.88902018465878,5993.851027949813,7878.221206369235,-5908.658771104961,7857.560551920657,1.11348,0.09043167854711359,-5909.772251104961,7857.520383747486,19.3,0.24125,0.3821766970627301,0.2431415526247305,0.3849306012776202,31.300973776690945,0.0,0.0,0.0,0.0,80.0,0.0
RW-Feature,structured,1.0,50,83.91818862462334,36.95952272055937,4573.902960117473,5727.232472140661,-4489.98477149285,5728.210833166578,1.1874,0.028556872193833644,-4491.17217149285,5728.211439380676,7.56,0.09449999999999999,0.20338300436527743,0.0951958244143454,0.20554850710563452,26.579854504076014,0.0,0.0,0.0,0.0,80.0,0.0
RW-Feature,structured,1.0,100,81.83753726524442,33.10212959561166,4699.838866543612,5523.390439030329,-4618.001329278368,5524.159056454448,1.19033,0.021846135501814416,-4619.191659278368,5524.159892578798,6.67,0.083375,0.1709215865905365,0.08463165626605396,0.17328551631061295,27.609153910815976,0.0,0.0,0.0,0.0,80.0,0.0
RW-Feature,structured,1.0,200,74.97648170942684,33.235439376988964,3788.4816201314493,4551.282149565675,-3713.5051384220224,4557.249395858996,1.19204,0.02190840436495039,-3714.6971784220223,4557.2505937117685,7.44,0.09300000000000001,0.16827181594195753,0.09415834799278217,0.17046837126088646,25.66503044941037,0.0,0.0,0.0,0.0,80.0,0.0
RW-Feature,unstructured,0.0,20,39.942786159200125,29.818869929695467,0.0,0.0,39.942786159200125,29.818869929695467,1.08358,0.08330268284813507,38.85920615920013,29.85111933428852,0.0,0.0,0.0,0.0,0.0,25.037677538220755,0.0,0.0,0.0,0.0,80.0,0.0
RW-Feature,unstructured,0.0,50,20.006225457276187,18.741838114256645,0.0,0.0,20.006225457276187,18.741838114256645,1.1917900000000001,0.020612487634068925,18.814435457276186,18.741419905943562,0.0,0.0,0.0,0.0,0.0,23.18637947666796,0.0,0.0,0.0,0.0,80.0,0.0
RW-Feature,unstructured,0.0,100,9.049134706306479,12.898353645617584,0.0,0.0,9.049134706306479,12.898353645617584,1.18646,0.02347679705581664,7.862674706306478,12.897629091182209,0.0,0.0,0.0,0.0,0.0,17.726035272305495,0.0,0.0,0.0,0.0,80.0,0.0
RW-Feature,unstructured,0.0,200,4.656278854485881,11.179534485605583,0.0,0.0,4.656278854485881,11.179534485605583,1.1891600000000002,0.01936294493003679,3.467118854485881,11.178436142506532,0.0,0.0,0.0,0.0,0.0,15.913661239147512,0.0,0.0,0.0,0.0,80.0,0.0
RW-Feature,unstructured,1.0,20,57.6669994793207,34.699543636428395,6106.67555437522,8844.772195455582,-6049.0085548959,8840.112936106225,1.10257,0.08901881029231179,-6050.1111248959,8840.08402579106,20.64,0.258,0.39087007968367093,0.26103790288587486,0.39673254730589086,31.279621494855373,0.0,0.0,0.0,0.0,80.0,0.0
RW-Feature,unstructured,1.0,50,40.550706303933474,29.715571872747475,3889.6363198586773,5133.033116960021,-3849.085613554744,5126.075374747931,1.19105,0.026368934507687382,-3850.2766635547437,5126.067424841223,8.85,0.110625,0.21309242286345648,0.11244564546538133,0.2175613147588343,23.25189396897958,0.0,0.0,0.0,0.0,80.0,0.0
RW-Feature,unstructured,1.0,100,23.858579631207782,20.611590218209063,3173.7251887620605,4628.060955564979,-3149.866609130853,4621.942064361677,1.1884400000000002,0.02240324651798156,-3151.0550491308527,4621.944135976816,6.81,0.08512499999999999,0.12236741691407164,0.08662231909949279,0.12509779998759593,20.87701038523924,0.0,0.0,0.0,0.0,80.0,0.0
RW-Feature,unstructured,1.0,200,11.921256651282128,14.687024754638859,2393.1087903433254,3245.866997778556,-2381.1875336920434,3242.311698493688,1.1862800000000002,0.022328620036340674,-2382.3738136920433,3242.314311030809,5.4,0.0675,0.07385489458759964,0.06727179245271661,0.07545560054440842,18.488984935412685,0.0,0.0,0.0,0.0,80.0,0.0
Thompson-Factor,structured,0.0,20,107.35842826766643,40.579651233337366,0.0,0.0,107.35842826766643,40.579651233337366,1.25895,0.08618905400515216,106.09947826766644,40.63042910563898,0.0,0.0,0.0,0.0,0.0,31.21791056851418,0.0,0.0,0.0,0.0,80.0,0.0
Thompson-Factor,structured,0.0,50,106.32125825032453,29.14945833860226,0.0,0.0,106.32125825032453,29.14945833860226,1.34849,0.008723004532889362,104.97276825032453,29.1517098888914,0.0,0.0,0.0,0.0,0.0,32.04291542277501,0.0,0.0,0.0,0.0,80.0,0.0
Thompson-Factor,structured,0.0,100,106.78689475668295,25.904690404383864,0.0,0.0,106.78689475668295,25.904690404383864,1.35,0.0,105.43689475668296,25.90469040438387,0.0,0.0,0.0,0.0,0.0,32.579319242325745,0.0,0.0,0.0,0.0,80.0,0.0
Thompson-Factor,structured,0.0,200,102.51306175722196,23.726168350684425,0.0,0.0,102.51306175722196,23.726168350684425,1.35,0.0,101.16306175722198,23.726168350684425,0.0,0.0,0.0,0.0,0.0,30.980251453393574,0.0,0.0,0.0,0.0,80.0,0.0
Thompson-Factor,structured,1.0,20,113.90707420383076,43.6783235175599,6839.270137643084,10681.047798890315,-6725.363063439253,10661.144600991734,1.2434699999999999,0.09131358501384557,-6726.606533439253,10661.108065419137,30.76,0.3845,0.4355679561726786,0.3890424306385075,0.44139388485053305,31.689549437797833,0.0,0.0,0.0,0.0,80.0,0.0
Thompson-Factor,structured,1.0,50,108.36389992502613,29.00570339412982,5148.026247938676,6639.426844455142,-5039.6623480136495,6637.681675694951,1.3468599999999997,0.014117844571801118,-5041.009208013649,6637.679063483986,18.46,0.23074999999999998,0.28876489423303203,0.23561785699970594,0.2943357629094693,27.651405287026428,0.0,0.0,0.0,0.0,80.0,0.0
Thompson-Factor,structured,1.0,100,103.94741704517725,23.372025569783936,4456.230798604206,5026.5145178418825,-4352.283381559028,5023.69272757443,1.35,0.0,-4353.633381559029,5023.692727574429,12.08,0.151,0.21909824372650824,0.1496800933055356,0.2223831924010127,26.08273324056745,0.0,0.0,0.0,0.0,80.0,0.0
Thompson-Factor,structured,1.0,200,97.15713644558019,21.601187227461818,3317.529524199808,4163.267422429001,-3220.3723877542275,4159.348827599297,1.35,0.0,-3221.7223877542274,4159.348827599297,11.94,0.14925,0.19528711703747398,0.15144657152463353,0.19848950449378938,21.68180871001008,0.0,0.0,0.0,0.0,80.0,0.0
Thompson-Factor,unstructured,0.0,20,45.54695561206744,32.94397154498975,0.0,0.0,45.54695561206744,32.94397154498975,1.22787,0.09272220430790658,44.31908561206744,32.98397020060729,0.0,0.0,0.0,0.0,0.0,27.387607044563094,0.0,0.0,0.0,0.0,80.0,0.0
Thompson-Factor,unstructured,0.0,50,19.620984070169296,17.925682585814087,0.0,0.0,19.620984070169296,17.925682585814087,1.34808,0.010226406697339697,18.272904070169297,17.9261607744497,0.0,0.0,0.0,0.0,0.0,25.82535809327629,0.0,0.0,0.0,0.0,80.0,0.0
Thompson-Factor,unstructured,0.0,100,12.404043262053479,14.261643692765197,0.0,0.0,12.404043262053479,14.261643692765197,1.35,0.0,11.054043262053478,14.261643692765197,0.0,0.0,0.0,0.0,0.0,21.219782618902286,0.0,0.0,0.0,0.0,80.0,0.0
Thompson-Factor,unstructured,0.0,200,3.369139967975704,12.57621329985409,0.0,0.0,3.369139967975704,12.57621329985409,1.35,0.0,2.019139967975704,12.576213299854087,0.0,0.0,0.0,0.0,0.0,23.76847472871508,0.0,0.0,0.0,0.0,80.0,0.0
Thompson-Factor,unstructured,1.0,20,88.65124582254839,43.803064741319176,6294.656545537405,9449.348057186242,-6206.005299714857,9447.734525553971,1.2436699999999998,0.08840655113071808,-6207.248969714857,9447.70261765149,31.34,0.39175,0.44581110111659156,0.39674514042105646,0.45385164575988085,30.504571084347223,0.0,0.0,0.0,0.0,80.0,0.0
Thompson-Factor,unstructured,1.0,50,46.50185742180995,35.78075356199206,4432.847694098755,5956.339640259309,-4386.345836676945,5947.304747243689,1.34692,0.017608927946764424,-4387.692756676945,5947.299719687172,8.52,0.1065,0.20996692861284397,0.10750920980056305,0.2130254355526565,24.372901973626796,0.0,0.0,0.0,0.0,80.0,0.0
Thompson-Factor,unstructured,1.0,100,23.29178813224675,22.49330395016466,3451.1903484185414,4845.03054060392,-3427.8985602862945,4840.749575886249,1.35,0.0,-3429.248560286295,4840.749575886248,5.22,0.06525,0.1145034845749158,0.06647205746087109,0.11637249379352813,21.80216824292906,0.0,0.0,0.0,0.0,80.0,0.0
Thompson-Factor,unstructured,1.0,200,13.930493036838806,16.338979044362258,2957.149821688839,3325.721116350955,-2943.2193286519996,3323.3176281146866,1.35,0.0,-2944.5693286520004,3323.3176281146866,5.18,0.06475,0.07403375902078373,0.06646199481195939,0.08050024669684976,20.5476312458225,0.0,0.0,0.0,0.0,80.0,0.0
UCB1,structured,0.0,20,73.41753635270855,32.32443625693892,0.0,0.0,73.41753635270855,32.32443625693892,2.02,0.0,71.39753635270854,32.32443625693892,0.0,0.0,0.0,0.0,0.0,15.473343198698677,0.0,0.0,0.0,0.0,0.0,0.0
UCB1,structured,0.0,50,37.17420353967713,11.653467533468687,0.0,0.0,37.17420353967713,11.653467533468687,2.95,0.0,34.22420353967713,11.653467533468687,0.0,0.0,0.0,0.0,0.0,5.6690121145692975,0.0,0.0,0.0,0.0,0.0,0.0
UCB1,structured,0.0,100,0.04487691245024156,5.0630417729128565,0.0,0.0,0.04487691245024156,5.0630417729128565,2.48,0.0,-2.4351230875497585,5.063041772912857,0.0,0.0,0.0,0.0,0.0,3.3909089963706633,0.0,0.0,0.0,0.0,0.0,0.0
UCB1,structured,0.0,200,-0.8246324657970439,7.489895224830483,0.0,0.0,-0.8246324657970439,7.489895224830483,4.48,0.0,-5.304632465797044,7.489895224830483,0.0,0.0,0.0,0.0,0.0,3.9211696023024474,0.0,0.0,0.0,0.0,0.0,0.0
UCB1,structured,1.0,20,60.14853182586977,35.73344447915461,484.71984696719306,571.7353323281301,-424.57131514132334,564.4284916013465,2.02,0.0,-426.5913151413234,564.4284916013465,22.23,0.27787500000000004,0.2620749023069396,0.28232422711752014,0.2709552358468144,7.419459717409908,0.0,0.0,0.0,0.0,0.0,0.0
UCB1,structured,1.0,50,31.6625392584137,15.82849350696579,114.72680562846459,147.9355110939163,-83.06426637005089,146.76686716698342,2.95,0.0,-86.01426637005088,146.76686716698342,6.85,0.085625,0.0886624621639265,0.08597912781581912,0.09322066712518545,3.389137294370223,0.0,0.0,0.0,0.0,0.0,0.0
UCB1,structured,1.0,100,0.16739273587235265,4.689784359338517,18.536759789252624,28.556819751483047,-18.36936705338027,29.030774124165067,2.48,0.0,-20.84936705338027,29.030774124165063,2.54,0.03175,0.039385270025093067,0.031463953678182055,0.03987992937327839,3.2909126606332832,0.0,0.0,0.0,0.0,0.0,0.0
UCB1,structured,1.0,200,1.628750408279847,6.678414126293803,61.07654740895112,83.07963321892005,-59.44779700067127,84.32802090090092,4.48,0.0,-63.92779700067127,84.32802090090092,2.8,0.035,0.04487637339278753,0.03560387854218238,0.04644233467974262,4.553051448328458,0.0,0.0,0.0,0.0,0.0,0.0
UCB1,unstructured,0.0,20,94.06622373725332,27.959092676617246,0.0,0.0,94.06622373725332,27.959092676617246,2.02,0.0,92.04622373725333,27.959092676617242,0.0,0.0,0.0,0.0,0.0,10.450429756597094,0.0,0.0,0.0,0.0,0.0,0.0
UCB1,unstructured,0.0,50,44.726558052555546,10.576218148487987,0.0,0.0,44.726558052555546,10.576218148487987,2.95,0.0,41.776558052555544,10.576218148487987,0.0,0.0,0.0,0.0,0.0,3.150819816744343,0.0,0.0,0.0,0.0,0.0,0.0
UCB1,unstructured,0.0,100,-0.43617965645546763,4.50901776800074,0.0,0.0,-0.43617965645546763,4.50901776800074,2.48,0.0,-2.9161796564554674,4.50901776800074,0.0,0.0,0.0,0.0,0.0,3.5287037920384705,0.0,0.0,0.0,0.0,0.0,0.0
UCB1,unstructured,0.0,200,-0.6957034625171156,6.313186542518317,0.0,0.0,-0.6957034625171156,6.313186542518317,4.48,0.0,-5.1757034625171165,6.313186542518317,0.0,0.0,0.0,0.0,0.0,4.27498113575663,0.0,0.0,0.0,0.0,0.0,0.0
UCB1,unstructured,1.0,20,79.75364261795653,29.472048436294116,404.2113689563997,493.9742346396272,-324.4577263384432,489.2243323897652,2.02,0.0,-326.47772633844323,489.2243323897652,29.03,0.362875,0.2502174243926609,0.36769914507821255,0.2574795369435117,6.411976925237096,0.0,0.0,0.0,0.0,0.0,0.0
UCB1,unstructured,1.0,50,44.08247362997475,13.164704257348435,61.49904777097305,83.0504802359842,-17.4165741409983,82.45040850131781,2.95,0.0,-20.3665741409983,82.45040850131781,11.21,0.140125,0.0987340160954847,0.13394399297906465,0.09882475057567512,2.682724076324762,0.0,0.0,0.0,0.0,0.0,0.0
UCB1,unstructured,1.0,100,0.016347529242864537,4.600046751312603,18.057486552316867,23.97181339860166,-18.041139023074003,24.709139914420778,2.48,0.0,-20.521139023074003,24.709139914420778,3.95,0.049375,0.022146137109863857,0.04890155902191834,0.02214638907116765,3.5296799312757825,0.0,0.0,0.0,0.0,0.0,0.0
UCB1,unstructured,1.0,200,1.2908920639899324,7.29038621164553,55.42537470424358,73.725995734166,-54.134482640253644,75.13801724233711,4.48,0.0,-58.61448264025365,75.13801724233711,3.85,0.048125,0.022847692344185343,0.04881773430416942,0.024674846846168063,4.770920061529086,0.0,0.0,0.0,0.0,0.0,0.0
